offeringFamily,majorOffering,subOffering
Analytics,Analytics Advisory,Analytics Advisory
Analytics,Analytics Advisory,Analytics Consulting
Analytics,Analytics Advisory,Big Data Discovery Experience Services
Analytics,Analytics Advisory,Big Data and Analytics Strategy
Analytics,Analytics Advisory,Business Intelligence Modernization Strategy and Planning Services
Analytics,Analytics Advisory,Business Intelligence Modernization Workshop Services
Analytics,Analytics Advisory,UXC Professional Solutions BD&A
Analytics,Analytics Solutions and Services,Analytics Consulting
Analytics,Analytics Solutions and Services,Analytics Solutions and Services
Analytics,Analytics Solutions and Services,Foresight Situational Awareness Solution
Analytics,Analytics Solutions and Services,Industrialized Advanced Analytics
Analytics,Analytics Solutions and Services,Interactive Media Command Center (IMCC) Solution
Analytics,Analytics Solutions and Services,Managed Analytic Services
Analytics,Analytics Solutions and Services,Predictive Maintenance Analytics
Analytics,Analytics Solutions and Services,Spend Analytics
Analytics,Analytics Solutions and Services,Warranty Analytics - Early Defect Detection
Analytics,Analytics Solutions and Services,XChanging Big Data and Analytics
Analytics,Analytics and AI Platform Services,Analytics and AI Platform Services
Analytics,Analytics and AI Platform Services,As a Service Solution for Hadoop
Analytics,Analytics and AI Platform Services,DXC Analytics and AI Platform
Analytics,Analytics and AI Platform Services,Data Workload Optimization Services
Analytics,Analytics and AI Platform Services,Hybrid Data Management Architecture Services
Analytics,Analytics and AI Platform Services,Platforms - Cloud and On Prem
Analytics,Analytics and AI Solutions,Analytics Consulting
Analytics,Analytics and AI Solutions,Analytics and AI Solutions
Analytics,Analytics and AI Solutions,Analytics and AI Solutions
Analytics,Analytics and AI Solutions,DXC Omnilocation
Analytics,Analytics and AI Solutions,Foresight Situational Awareness Solution
Analytics,Analytics and AI Solutions,Interactive Media Command Center (IMCC) Solution
Analytics,Analytics and AI Solutions,IoT Analytics
Analytics,Analytics and AI Solutions,IoT Analytics
Analytics,Analytics and AI Solutions,IoT Analytics Solutions
Analytics,Analytics and AI Solutions,IoT Services
Analytics,Analytics and AI Solutions,IoT Services
Analytics,Analytics and AI Solutions,Managed Analytic Services
Analytics,Analytics and AI Solutions,Predictive Maintenance Analytics
Analytics,Analytics and AI Solutions,Spend Analytics
Analytics,Analytics and AI Solutions,Warranty Analytics - Early Defect Detection
Analytics,Analytics and Big Data Platform,Analytics and Big Data Platform
Analytics,Analytics and Big Data Platform,As a Service Solution for Hadoop
Analytics,Analytics and Big Data Platform,DXC Analytics Platform
Analytics,Analytics and Big Data Platform,Data Workload Optimization Services
Analytics,Analytics and Big Data Platform,Hybrid Data Management Architecture Services
Analytics,Analytics and Big Data Platform,Platforms - Cloud and On Prem
Analytics,Artificial Intelligence and IoT Analytics,Artificial Intelligence and IoT Analytics
Analytics,Artificial Intelligence and IoT Analytics,DXC OmniLocation
Analytics,Artificial Intelligence and IoT Analytics,DXC Omnilocation
Analytics,Artificial Intelligence and IoT Analytics,IoT Analytics Solutions
Analytics,Information Governance,Content and Records Management Services
Analytics,Information Governance,Data Classification Services
Analytics,Information Governance,Data Pipeline and Operations
Analytics,Information Governance,Information Governance
Analytics,Information Governance,Personal Data Discovery
Analytics,IoT Analytics,Analytics Consulting
Analytics,IoT Analytics,Analytics and AI Solutions
Analytics,IoT Analytics,Analytics and AI Solutions
Analytics,IoT Analytics,DXC Omnilocation
Analytics,IoT Analytics,Interactive Media Command Center (IMCC) Solution
Analytics,IoT Analytics,IoT Analytics
Analytics,IoT Analytics,IoT Analytics
Analytics,IoT Analytics,IoT Analytics Solutions
Analytics,IoT Analytics,Managed Analytic Services
Analytics,IoT Analytics,Predictive Maintenance Analytics
Analytics,IoT Analytics,Spend Analytics
Analytics,IoT Analytics,Warranty Analytics - Early Defect Detection
Analytics,IoT Services,Analytics Consulting
Analytics,IoT Services,Analytics and AI Solutions
Analytics,IoT Services,Analytics and AI Solutions
Analytics,IoT Services,DXC Omnilocation
Analytics,IoT Services,Foresight Situational Awareness Solution
Analytics,IoT Services,Interactive Media Command Center (IMCC) Solution
Analytics,IoT Services,IoT Analytics Solutions
Analytics,IoT Services,IoT Services
Analytics,IoT Services,IoT Services
Analytics,IoT Services,Managed Analytic Services
Analytics,IoT Services,Predictive Maintenance Analytics
Analytics,IoT Services,Spend Analytics
Analytics,IoT Services,Warranty Analytics - Early Defect Detection
Analytics,Managed BI and Analytics,Business Intelligence Modernization Services
Analytics,Managed BI and Analytics,Enterprise Data Warehousing Services
Analytics,Managed BI and Analytics,Managed BI and Analytics
Analytics,Managed BI and Analytics,Managed Business Intelligence Services
Analytics,Managed BI and Analytics,Master Data Management Services
Application Services,Applications Development,Agile Applications Development
Application Services,Applications Development,Applications Development
Application Services,Applications Development,Applications Security
Application Services,Applications Development,Business and Application Integration Services
Application Services,Applications Development,Business and Applications Integration Services
Application Services,Applications Development,DXC Mainframe and Legacy Modernization
Application Services,Applications Development,Mainframe and Legacy Modernization
Application Services,Applications Development,Rapid Digital Delivery
Application Services,Applications Development,SPLIT - Digital Development Services
Application Services,Applications Management Services,Applications Management Services
Application Services,Applications Management Services,Testing and Digital Assurance
Application Services,Testing and Digital Assurance,Testing and Digital Assurance
Business Process Services,Agile Process Automation,Agile Process Automation
Business Process Services,Agile Process Automation,Agile Process Automation
Business Process Services,Agile Process Automation,Agile Process Automation
Business Process Services,Agile Process Automation,Agile Process Automation
Business Process Services,Business Process Services Advisory,Business Process Services Advisory
Business Process Services,Business Process Services Advisory,Customer Experience (CX) - Transformation Services
Business Process Services,Business Process Services Advisory,Framework for Innovation and Transformation
Business Process Services,Business Process Services Advisory,"Mergers, Acquisitions &amp; Divestitures Advisory Services"
Business Process Services,Cards and Payments Services,Cards and Payments Services
Business Process Services,Cards and Payments Services,Commercial Cards Services
Business Process Services,Cards and Payments Services,Consumer Card Services
Business Process Services,Cards and Payments Services,DXC Consumer Loan Processing
Business Process Services,Cards and Payments Services,Merchant Acquirer Services
Business Process Services,Cards and Payments Services,Prepaid Card Services
Business Process Services,Cards and Payments Services,Secure Payment Services
Business Process Services,Cards and Payments Services,Surveyor Application Processing Services
Business Process Services,Customer Experience,Customer Experience
Business Process Services,Customer Experience,Customer Experience (CX) - Analytic Services
Business Process Services,Customer Experience,Customer Experience (CX) - Omnichannel Services
Business Process Services,Customer Experience,Customer Experience (CX) - Transformation  Services
Business Process Services,Customer Experience,Customer Experience (CX) - Transformation Services
Business Process Services,Customer Experience,Customer Experience (CX) On Demand
Business Process Services,Customer Experience,Customer Experience (CX) Services
Business Process Services,Customer Experience,DXC Digital Agent Services
Business Process Services,Customer Experience,Warranty Services
Business Process Services,Digitization,Consumer Direct Services
Business Process Services,Digitization,Customer Communications Management Services
Business Process Services,Digitization,Digitization
Business Process Services,Digitization,Digitization Services
Business Process Services,Finance and Administration Services,Finance and Administration Services
Business Process Services,Finance and Administration Services,Finance and Administration Services - Analytics Services
Business Process Services,Finance and Administration Services,Finance and Administration Services - Order-to-Cash Services
Business Process Services,Finance and Administration Services,Finance and Administration Services - Record-to-Report Services
Business Process Services,Finance and Administration Services,Finance and Administration Services - Source-to-Pay Services
Business Process Services,Finance and Administration Services,Framework for Innovation and Transformation
Business Process Services,Finance and Administration Services,Procurement Services
Business Process Services,Finance and Administration Services,e-Supply Chain Solutions
Business Process Services,HR and Payroll Services,HR and Payroll Services
Business Process Services,HR and Payroll Services,Human Resource and Payroll Services
Cloud and Platform Services,AWS Cloud Services,AWS Cloud Services
Cloud and Platform Services,AWS Cloud Services,DXC Managed Services for AWS
Cloud and Platform Services,Alibaba Cloud Services,Alibaba Cloud Services
Cloud and Platform Services,Azure Cloud Services,Azure Cloud Services
Cloud and Platform Services,Azure Cloud Services,DXC Managed Services for Microsoft Azure
Cloud and Platform Services,Azure Cloud Services,DXC Managed Services for Microsoft Azure Stack
Cloud and Platform Services,Campus and Connectivity Networks,Campus and Connectivity Networks
Cloud and Platform Services,Campus and Connectivity Networks,Managed Connectivity Services
Cloud and Platform Services,Campus and Connectivity Networks,Managed Local Area Network Services
Cloud and Platform Services,Campus and Connectivity Networks,Managed Software Defined Network Services
Cloud and Platform Services,Campus and Connectivity Networks,Managed Wide Area Network Services
Cloud and Platform Services,Campus and Connectivity Networks,Network Services
Cloud and Platform Services,Cloud and Platform Advisory Solutions,AMT Advisory
Cloud and Platform Services,Cloud and Platform Advisory Solutions,Business Continuity Program Risk Assessment
Cloud and Platform Services,Cloud and Platform Advisory Solutions,Business Impact Analysis
Cloud and Platform Services,Cloud and Platform Advisory Solutions,ClearTransformation IT Operating Model
Cloud and Platform Services,Cloud and Platform Advisory Solutions,Cloud and Platform Advisory Solutions
Cloud and Platform Services,Cloud and Platform Advisory Solutions,Cloud and Workload Advisory Services
Cloud and Platform Services,Cloud and Platform Advisory Solutions,DXC Cloud and Workload Advisory Services
Cloud and Platform Services,Cloud and Platform Advisory Solutions,Executive Conversation
Cloud and Platform Services,Cloud and Platform Advisory Solutions,HPE Helion Professional Services for Public Sector Cloud Broker
Cloud and Platform Services,Cloud and Platform Advisory Solutions,Service Integration and Management Advisory
Cloud and Platform Services,Cloud and Platform Advisory Solutions,Transformation Acceleration Workshop
Cloud and Platform Services,Cloud and Platform Modernization and Transformation Solutions,Application Services for Public Clouds
Cloud and Platform Services,Cloud and Platform Modernization and Transformation Solutions,Applications Modernization and Transformation
Cloud and Platform Services,Cloud and Platform Modernization and Transformation Solutions,Cloud and Platform Modernization and Transformation Solutions
Cloud and Platform Services,Cloud and Platform Modernization and Transformation Solutions,Cloud and Workload Migration Services
Cloud and Platform Services,Cloud and Platform Modernization and Transformation Solutions,Mainframe and Legacy Modernization
Cloud and Platform Services,Cloud and Platform Modernization and Transformation Solutions,SPLIT - Applications Modernization and Transformation
Cloud and Platform Services,Continuity Services,Continuity Advisory Services
Cloud and Platform Services,Continuity Services,Continuity Program Management
Cloud and Platform Services,Continuity Services,Continuity Services
Cloud and Platform Services,Continuity Services,DXC Continuity Advisory Services
Cloud and Platform Services,Continuity Services,DXC Continuity Program Management
Cloud and Platform Services,Continuity Services,DXC Data Center Recovery Services
Cloud and Platform Services,Continuity Services,DXC Managed Continuity Service powered by Microsoft
Cloud and Platform Services,Continuity Services,Data Center Recovery Services
Cloud and Platform Services,Continuity Services,HPE Helion and Veritas Continuity
Cloud and Platform Services,Integration Solutions,CSC Hybrid Cloud Services
Cloud and Platform Services,Integration Solutions,DXC Agility Platform
Cloud and Platform Services,Integration Solutions,DXC Hybrid IT Integration Solutions (HITS)
Cloud and Platform Services,Integration Solutions,HPE Helion Managed Cloud Broker
Cloud and Platform Services,Integration Solutions,Hybrid IT Integration Solutions
Cloud and Platform Services,Integration Solutions,Integration Solutions
Cloud and Platform Services,Mainframe Services,DXC Managed Mainframe Services
Cloud and Platform Services,Mainframe Services,Mainframe Services
Cloud and Platform Services,Mainframe Services,Managed Mainframe Services
Cloud and Platform Services,Managed Container Platform as a Service,DXC Managed Container PaaS powered by Red Hat OpenShift
Cloud and Platform Services,Managed Container Platform as a Service,Managed Container Platform as a Service
Cloud and Platform Services,Midrange Services,Colocation Services
Cloud and Platform Services,Midrange Services,DXC Managed Midrange Services
Cloud and Platform Services,Midrange Services,Data Center Co-Location Service
Cloud and Platform Services,Midrange Services,Managed Midrange Services
Cloud and Platform Services,Midrange Services,Midrange Services
Cloud and Platform Services,Multisupplier Integration and ITSM-ESM Services,CSC Integrated Service Management
Cloud and Platform Services,Multisupplier Integration and ITSM-ESM Services,CSC SM Asset and Configuration Management
Cloud and Platform Services,Multisupplier Integration and ITSM-ESM Services,CSC SM Core
Cloud and Platform Services,Multisupplier Integration and ITSM-ESM Services,DXC Service Integration and Management
Cloud and Platform Services,Multisupplier Integration and ITSM-ESM Services,Enterprise Service Management Cross Functional Services
Cloud and Platform Services,Multisupplier Integration and ITSM-ESM Services,Multisupplier Integration and ITSM-ESM Services
Cloud and Platform Services,Multisupplier Integration and ITSM-ESM Services,Service Integration and Management
Cloud and Platform Services,Network Services,Campus and Connectivity Networks
Cloud and Platform Services,Network Services,Managed Connectivity Services
Cloud and Platform Services,Network Services,Managed Local Area Network Services
Cloud and Platform Services,Network Services,Managed Software Defined Network Services
Cloud and Platform Services,Network Services,Managed Wide Area Network Services
Cloud and Platform Services,Network Services,Network Services
Cloud and Platform Services,PaaS for SAP,DXC Platform as a Service for SAP
Cloud and Platform Services,PaaS for SAP,Enterprise Pre-Production Services
Cloud and Platform Services,PaaS for SAP,HPE Helion SaaS Accelerator
Cloud and Platform Services,PaaS for SAP,PaaS for SAP
Cloud and Platform Services,Public Cloud Apps Development Services,Application Services for Public Clouds
Cloud and Platform Services,Public Cloud Apps Development Services,DXC Cloud Native Applications Development Services
Cloud and Platform Services,Public Cloud Apps Development Services,Public Cloud Apps Development Services
Cloud and Platform Services,Storage Services,Backup as a Service
Cloud and Platform Services,Storage Services,DXC Backup as a Service
Cloud and Platform Services,Storage Services,DXC Storage as a Service
Cloud and Platform Services,Storage Services,Storage Services
Cloud and Platform Services,Storage Services,Storage as a Service
Cloud and Platform Services,VMware Cloud Services,BizCloud OpenStack
Cloud and Platform Services,VMware Cloud Services,DXC Managed Services for VMware
Cloud and Platform Services,VMware Cloud Services,DXC Managed Services for VMware Cloud on AWS
Cloud and Platform Services,VMware Cloud Services,VMware Cloud Services
Cloud and Platform Services,Virtual Private Cloud Services,DXC Managed Services for Virtual Private Cloud
Cloud and Platform Services,Virtual Private Cloud Services,HPE Helion Managed Virtual Private Cloud for Public Sector (U.K.)
Cloud and Platform Services,Virtual Private Cloud Services,HPE Helion Managed Virtual Private Cloud for Public Sector (U.S.)
Cloud and Platform Services,Virtual Private Cloud Services,Virtual Private Cloud Services
Consulting,Digital Business Platforms,DXC Digital Strategy and Transformation Consulting
Consulting,Digital Business Platforms,DXC Digital Strategy and Transformation Consulting
Consulting,Digital Business Platforms,DXC Digital Workplace Consulting
Consulting,Digital Business Platforms,DXC Digital Workplace Consulting
Consulting,Digital Business Platforms,Digital Business Platforms
Consulting,Digital Business Platforms,Digital Business Platforms
Consulting,Digital Business Platforms,Digital Business Platforms
Consulting,Digital Business Platforms,Digital Business Platforms
Consulting,Digital Business Platforms,Digital Strategy and Transformation Consulting
Consulting,Digital Business Platforms,Digital Strategy and Transformation Consulting
Consulting,Digital Business Platforms,Digital Strategy and Transformation Consulting
Consulting,Digital Business Platforms,Digital Strategy and Transformation Consulting
Consulting,Digital Business Platforms,Digital Workplace Consulting
Consulting,Digital Business Platforms,Digital Workplace Consulting
Consulting,Digital Business Platforms,Digital Workplace Consulting
Consulting,Digital Business Platforms,Digital Workplace Consulting
Consulting,Digital Business Platforms,Technology Consulting - Applications Classical
Consulting,Digital Business Platforms,Technology Consulting - Applications Classical
Consulting,Digital Business Platforms,Technology Consulting - Applications Classical
Consulting,Digital Business Platforms,Technology Consulting - Applications Classical
Consulting,Digital Business Platforms,Technology Consulting - Applications NextGen
Consulting,Digital Business Platforms,Technology Consulting - Applications NextGen
Consulting,Digital Business Platforms,Technology Consulting - Applications NextGen
Consulting,Digital Business Platforms,Technology Consulting - Applications NextGen
Consulting,Digital Business Platforms Consulting,Digital Business Platforms Consulting
Consulting,Digital Business Platforms Consulting,Technology Consulting - Applications Classical
Consulting,Digital Business Platforms Consulting,Technology Consulting - Applications NextGen
Consulting,Digital Industries and Analytics Consulting,Digital Industries and Analytics Consulting
Consulting,Digital Industries and Analytics Consulting,Energy & Technology Transformation
Consulting,Digital Industries and Analytics Consulting,Healthcare Transformation
Consulting,Digital Industries and Analytics Consulting,Life Sciences Transformation
Consulting,Digital Industries and Analytics Consulting,Manufacturing Transformation
Consulting,Digital Industries and Analytics Consulting,XChanging Consulting
Consulting,Digital Industry Consulting,Digital Industry Consulting
Consulting,Digital Infrastructure Platforms Consulting,Cloud & Infrastructure Transformation
Consulting,Digital Infrastructure Platforms Consulting,Digital Infrastructure Platforms Consulting
Consulting,Digital Strategy and Transformation Consulting,Advisory Consulting Services
Consulting,Digital Strategy and Transformation Consulting,Digital Strategy and Transformation Consulting
Consulting,Digital Strategy and Transformation Consulting,Rapid Collaboration Workshop
Consulting,Digital Strategy and Transformation Consulting,Technology Consulting - IT Advisory
Consulting,Digital Strategy and Transformation Consulting,UXC Consulting
Consulting,Digital Strategy and Transformation Consulting,Vship Virtual Training
Consulting,Digital Strategy and Transformation Consulting,Yatri Global Citizen Services
Consulting,Digital Technology Platforms,Cloud & Infrastructure Transformation
Consulting,Digital Technology Platforms,Digital Technology Platforms
Consulting,Digital Workplace Consulting,Digital Workplace Consulting
Consulting,Digital Workplace Consulting,Mobile Strategy Services
Consulting,Digital Workplace Consulting,Technology Consulting - Workplace
Cross-Offering Solutions,Automotive Solutions,Automotive Solutions
Cross-Offering Solutions,Automotive Solutions,Automotive Solutions
Cross-Offering Solutions,Automotive Solutions,Automotive Solutions
Cross-Offering Solutions,Automotive Solutions,Automotive Solutions
Cross-Offering Solutions,Automotive Solutions,International Material Data System (IMDS)
Cross-Offering Solutions,Automotive Solutions,International Material Data System (IMDS)
Cross-Offering Solutions,Consumer Packaged Goods Solutions,Consumer Packaged Goods Solutions
Cross-Offering Solutions,Manufacturing Solutions,CDX - Compliance Data Exchange
Cross-Offering Solutions,Manufacturing Solutions,Data Management for High Performance Computing
Cross-Offering Solutions,Manufacturing Solutions,Engineering Virtual Desktop Infrastructure (eVDI)
Cross-Offering Solutions,Manufacturing Solutions,Factory as a Service (FaaS)
Cross-Offering Solutions,Manufacturing Solutions,HPE Quickstart PLM (QS PLM)
Cross-Offering Solutions,Manufacturing Solutions,Manufacturing Execution Systems Solution
Cross-Offering Solutions,Manufacturing Solutions,Manufacturing Intelligence
Cross-Offering Solutions,Manufacturing Solutions,Manufacturing Solutions
Cross-Offering Solutions,Manufacturing Solutions,Manufacturing Transformation
Cross-Offering Solutions,Manufacturing Solutions,PLM Consolidation
Cross-Offering Solutions,Manufacturing Solutions,PLM Modernization
Cross-Offering Solutions,Manufacturing Solutions,Product Lifecycle Management Solution
Cross-Offering Solutions,Manufacturing Solutions,Smart Services for the Utilities Industry
Cross-Offering Solutions,Manufacturing Solutions,Warehouse Management System (SILO)
Cross-Offering Solutions,Retail Solutions,Retail Solutions
Cross-Offering Solutions,USPS,Assured Identity
Cross-Offering Solutions,USPS,Assured Identity - Identity As a Service
Cross-Offering Solutions,USPS,Assured Identity Adaptive Authentication for U.S. Public Sector
Cross-Offering Solutions,USPS,HPE Helion Managed Private Cloud for Public Sector (U.S.)
Cross-Offering Solutions,USPS,HPE Helion Managed Virtual Private Cloud for Public Sector (U.K.)
Cross-Offering Solutions,USPS,Public Benefit Services
Cross-Offering Solutions,USPS,USPS
Enterprise & Cloud Applications,Cornerstone OnDemand Solutions,Cornerstone OnDemand Solutions
Enterprise & Cloud Applications,Cornerstone OnDemand Solutions,DXC Implementation and Transformation Services for Cornerstone OnDemand
Enterprise & Cloud Applications,Emerging Practices - IBM,DXC Asset Management  Services for IBM Maximo
Enterprise & Cloud Applications,Emerging Practices - IBM,DXC Digital Application Solutions for IBM Platforms
Enterprise & Cloud Applications,Emerging Practices - IBM,DXC Digital Data Solutions for IBM Platforms
Enterprise & Cloud Applications,Emerging Practices - IBM,DXC Financial App Integration Services for IBM
Enterprise & Cloud Applications,Emerging Practices - IBM,DXC Industry Solutions for IBM Watson IoT
Enterprise & Cloud Applications,Emerging Practices - IBM,DXC Software Licensing & Managed Support Solutions for IBM
Enterprise & Cloud Applications,Emerging Practices - IBM,Emerging Practices - IBM
Enterprise & Cloud Applications,Emerging Practices - IBM,IBM Solutions and Services
Enterprise & Cloud Applications,Emerging Practices - Salesforce,DXC Implementation and Transformation for Salesforce
Enterprise & Cloud Applications,Emerging Practices - Salesforce,Emerging Practices - Salesforce
Enterprise & Cloud Applications,Emerging Practices - Salesforce,Salesforce Solutions and Services
Enterprise & Cloud Applications,Emerging Practices - Workday,DXC Accelerated Implementation for Workday
Enterprise & Cloud Applications,Emerging Practices - Workday,DXC Application Management Services for Workday
Enterprise & Cloud Applications,Emerging Practices - Workday,DXC Implementation and Transformation for Workday
Enterprise & Cloud Applications,Emerging Practices - Workday,Emerging Practices - Workday
Enterprise & Cloud Applications,Emerging Practices - Workday,Enterprise Applications Services for Workday
Enterprise & Cloud Applications,IBM Solutions,DXC Cognitive Solutions with IBM Watson
Enterprise & Cloud Applications,IBM Solutions,DXC Digital Application Solutions for IBM Platforms
Enterprise & Cloud Applications,IBM Solutions,DXC Digital Data Solutions for IBM Platforms
Enterprise & Cloud Applications,IBM Solutions,DXC Enterprise Asset Solutions with IBM Maximo
Enterprise & Cloud Applications,IBM Solutions,IBM Solutions
Enterprise & Cloud Applications,IBM Solutions,IBM Solutions and Services
Enterprise & Cloud Applications,Microsoft Dynamics Applications,Automotive Aftersales CX Management
Enterprise & Cloud Applications,Microsoft Dynamics Applications,Case Management for Public Sector
Enterprise & Cloud Applications,Microsoft Dynamics Applications,DXC Digital Transformation Solutions for Banking for Microsoft Dynamics 365
Enterprise & Cloud Applications,Microsoft Dynamics Applications,DXC Health360
Enterprise & Cloud Applications,Microsoft Dynamics Applications,DXC Smart Government Solutions for Microsoft Dynamics 365
Enterprise & Cloud Applications,Microsoft Dynamics Applications,DXC Solutions for Microsoft Dynamics 365
Enterprise & Cloud Applications,Microsoft Dynamics Applications,Digital Transformation Solutions for Banking for Dynamics 365
Enterprise & Cloud Applications,Microsoft Dynamics Applications,HPE Helion Business Applications for Microsoft Dynamics
Enterprise & Cloud Applications,Microsoft Dynamics Applications,Loan Process Transformation
Enterprise & Cloud Applications,Microsoft Dynamics Applications,Microsoft Dynamics Applications
Enterprise & Cloud Applications,Oracle Applications,Applications Management Services - Enterprise for Oracle
Enterprise & Cloud Applications,Oracle Applications,DXC Beverage Solutions for Oracle
Enterprise & Cloud Applications,Oracle Applications,DXC Campus Solutions for Oracle
Enterprise & Cloud Applications,Oracle Applications,DXC Digital Finance and Procurement AMS for Oracle Cloud
Enterprise & Cloud Applications,Oracle Applications,DXC Digital Finance and Procurement for Oracle Cloud
Enterprise & Cloud Applications,Oracle Applications,DXC Digital Transformation Assessment for Oracle Cloud
Enterprise & Cloud Applications,Oracle Applications,DXC Digital Workforce AMS for Oracle Cloud
Enterprise & Cloud Applications,Oracle Applications,DXC Digital Workforce for Oracle Cloud
Enterprise & Cloud Applications,Oracle Applications,DXC Digital Workforce for Oracle Cloud Services
Enterprise & Cloud Applications,Oracle Applications,DXC GDPR Services for Oracle Cloud
Enterprise & Cloud Applications,Oracle Applications,DXC Migration Services for Oracle Cloud
Enterprise & Cloud Applications,Oracle Applications,DXC Supply Chain Management for Oracle Cloud
Enterprise & Cloud Applications,Oracle Applications,DXC TPM Solutions for Oracle
Enterprise & Cloud Applications,Oracle Applications,DXC Transportation Management for Oracle Cloud
Enterprise & Cloud Applications,Oracle Applications,Digital Customer Experience for Oracle
Enterprise & Cloud Applications,Oracle Applications,Enterprise Applications Services for Oracle
Enterprise & Cloud Applications,Oracle Applications,HPE Helion Business Applications for Oracle
Enterprise & Cloud Applications,Oracle Applications,Oracle Applications
Enterprise & Cloud Applications,Oracle Applications,Oracle Cloud Solution Services
Enterprise & Cloud Applications,Oracle Applications,Oracle Digital Supply Chain
Enterprise & Cloud Applications,Oracle Applications,Oracle Engineered Systems and Platform Services
Enterprise & Cloud Applications,Oracle Applications,Oracle Implementation and Optimization Services
Enterprise & Cloud Applications,Oracle Applications,Oracle Industry Transformation Services
Enterprise & Cloud Applications,Oracle Applications,Oracle License and Hardware Sales
Enterprise & Cloud Applications,SAP Applications,Applications Management Services - Enterprise for SAP
Enterprise & Cloud Applications,SAP Applications,As a Service Solution for SAP HANA
Enterprise & Cloud Applications,SAP Applications,Business Outcomes Service Management for SAP
Enterprise & Cloud Applications,SAP Applications,DXC Analytics Implementation for SAP BW/4HANA
Enterprise & Cloud Applications,SAP Applications,DXC Continuous Business Operations for SAP AMS
Enterprise & Cloud Applications,SAP Applications,DXC Continuous Delivery Platform for SAP AMS
Enterprise & Cloud Applications,SAP Applications,DXC Digital Automotive Solutions for SAP
Enterprise & Cloud Applications,SAP Applications,DXC Digital Cloud Pathway for SAP
Enterprise & Cloud Applications,SAP Applications,DXC Digital Insurance Solution for SAP
Enterprise & Cloud Applications,SAP Applications,DXC Digital Retail Solutions for SAP
Enterprise & Cloud Applications,SAP Applications,DXC Digital Supply Chain Planning for SAP IBP
Enterprise & Cloud Applications,SAP Applications,DXC Enterprise Management for SAP S/4HANA
Enterprise & Cloud Applications,SAP Applications,DXC Implementation Services for SAP Ariba
Enterprise & Cloud Applications,SAP Applications,DXC Implementation Services for SAP Concur
Enterprise & Cloud Applications,SAP Applications,DXC Implementation Services for SAP Fieldglass
Enterprise & Cloud Applications,SAP Applications,DXC Implementation Services for SAP Hybris
Enterprise & Cloud Applications,SAP Applications,DXC Migration Services for SAP S/4HANA
Enterprise & Cloud Applications,SAP Applications,DXC Remote Services for SAP S/4 HANA
Enterprise & Cloud Applications,SAP Applications,DXC Remote Services for SAP S/4HANA
Enterprise & Cloud Applications,SAP Applications,DXC Transformation Planning for SAP S/4HANA
Enterprise & Cloud Applications,SAP Applications,Enterprise Applications Services for SAP
Enterprise & Cloud Applications,SAP Applications,HPE Helion Business Applications for SAP
Enterprise & Cloud Applications,SAP Applications,SAP Analytics Services
Enterprise & Cloud Applications,SAP Applications,SAP Applications
Enterprise & Cloud Applications,SAP Applications,SAP Implementation and Optimization Services
Enterprise & Cloud Applications,SAP Applications,SAP Industry Transformation Services
Enterprise & Cloud Applications,SAP Applications,SAP License and Hardware Sales
Enterprise & Cloud Applications,SAP Applications,SAP Rapid Deployment Solutions from HPE
Enterprise & Cloud Applications,SAP Applications,Upgrade and Migration Services for SAP
Enterprise & Cloud Applications,Salesforce Solutions,DXC Application Management Services for Salesforce
Enterprise & Cloud Applications,Salesforce Solutions,DXC Implementation and Transformation for Salesforce
Enterprise & Cloud Applications,Salesforce Solutions,Salesforce Solutions
Enterprise & Cloud Applications,Salesforce Solutions,Salesforce Solutions and Services
Enterprise & Cloud Applications,ServiceNow Applications,DXC Advisory for ServiceNow
Enterprise & Cloud Applications,ServiceNow Applications,DXC IT Asset and Operations Management for ServiceNow
Enterprise & Cloud Applications,ServiceNow Applications,DXC ITSM Implementation and Transformation for ServiceNow
Enterprise & Cloud Applications,ServiceNow Applications,DXC Managed Services for ServiceNow
Enterprise & Cloud Applications,ServiceNow Applications,DXC ServiceNow Run
Enterprise & Cloud Applications,ServiceNow Applications,ServiceNow Applications
Enterprise & Cloud Applications,Workday Solutions,DXC Application Management Services for Workday
Enterprise & Cloud Applications,Workday Solutions,DXC Implementation and Transformation for Workday
Enterprise & Cloud Applications,Workday Solutions,Enterprise Applications Services for Workday
Enterprise & Cloud Applications,Workday Solutions,Workday Solutions
IS&S Banking,Banking Advisory,Banking Advisory
IS&S Banking,Core Banking,Accounting Data Dispatcher (ADD)
IS&S Banking,Core Banking,COMETS
IS&S Banking,Core Banking,Celeriti
IS&S Banking,Core Banking,CheckVision
IS&S Banking,Core Banking,Core Banking
IS&S Banking,Core Banking,GRC-CSC GATE & FATCA
IS&S Banking,Core Banking,iBS - FAIR
IS&S Banking,Fixnetix,Fixnetix
IS&S Banking,Fixnetix,Front Office Managed Services
IS&S Banking,Lending,AIMS
IS&S Banking,Lending,Consumer Loan Servicing
IS&S Banking,Lending,EarlyResolution
IS&S Banking,Lending,Lending
IS&S Banking,Payments,Business Exchange Services
IS&S Banking,Payments,CAMSII
IS&S Banking,Payments,CSC Payments Transaction System (CSC PTS)
IS&S Banking,Payments,CSC Payments Transaction Systems (CSC PTS)
IS&S Banking,Payments,DXC Boomerang
IS&S Banking,Payments,Payments
IS&S Banking,Payments,ePayment
IS&S Healthcare & Life Sciences,Commercial Payer Solutions,Commercial Payer Solutions
IS&S Healthcare & Life Sciences,Commercial Payer Solutions,Digital Claims
IS&S Healthcare & Life Sciences,Digital Health Platform,DXC Healthcare Cloud
IS&S Healthcare & Life Sciences,Digital Health Platform,DXC Open Health Connect
IS&S Healthcare & Life Sciences,Digital Health Platform,Digital Health Platform
IS&S Healthcare & Life Sciences,Digital Health Platform,MicroHIS X
IS&S Healthcare & Life Sciences,Digital Health Platform,UltraGenda
IS&S Healthcare & Life Sciences,Digital Health Platform,Viaduct
IS&S Healthcare & Life Sciences,Digital Health Platform,Vitae Suite
IS&S Healthcare & Life Sciences,Digital Health Platform,e-SIAP
IS&S Healthcare & Life Sciences,Health & Care Solutions,CSC LIMS
IS&S Healthcare & Life Sciences,Health & Care Solutions,Clinical Suite
IS&S Healthcare & Life Sciences,Health & Care Solutions,Digital Hospital
IS&S Healthcare & Life Sciences,Health & Care Solutions,Enterprise Management (eHIS)
IS&S Healthcare & Life Sciences,Health & Care Solutions,Health & Care Solutions
IS&S Healthcare & Life Sciences,Health & Care Solutions,Healthcare Portal Solutions
IS&S Healthcare & Life Sciences,Health & Care Solutions,Lorenzo
IS&S Healthcare & Life Sciences,Health & Care Solutions,MedChart
IS&S Healthcare & Life Sciences,Health & Care Solutions,PAT-Win
IS&S Healthcare & Life Sciences,Health & Care Solutions,Vitae Suite
IS&S Healthcare & Life Sciences,Health & Care Solutions,webPAS
IS&S Healthcare & Life Sciences,Health & Care Solutions,x-HIS
IS&S Healthcare & Life Sciences,Life Sciences Solutions,Animal Pharma and Agriculture
IS&S Healthcare & Life Sciences,Life Sciences Solutions,DXC Life Sciences Digital Transformation Services
IS&S Healthcare & Life Sciences,Life Sciences Solutions,FirstDoc
IS&S Healthcare & Life Sciences,Life Sciences Solutions,Life Sciences - Regulatory and Content Services
IS&S Healthcare & Life Sciences,Life Sciences Solutions,Life Sciences Solutions
IS&S Healthcare & Life Sciences,Life Sciences Solutions,Regulatory Transformation Services
IS&S Healthcare & Life Sciences,Public Health & Human Services,Atlantes Care Management Solution
IS&S Healthcare & Life Sciences,Public Health & Human Services,Chronic Care Management
IS&S Healthcare & Life Sciences,Public Health & Human Services,Government Healthcare Business Process Services
IS&S Healthcare & Life Sciences,Public Health & Human Services,HPE Telehealthcare Service
IS&S Healthcare & Life Sciences,Public Health & Human Services,Healthcare Eligibility Solution
IS&S Healthcare & Life Sciences,Public Health & Human Services,MetaVance Solution
IS&S Healthcare & Life Sciences,Public Health & Human Services,Public Health & Human Services
IS&S Healthcare & Life Sciences,Public Health & Human Services,ePrescribing
IS&S Healthcare & Life Sciences,Public Sector Payer,HPE interChange
IS&S Insurance,Claims,Claims
IS&S Insurance,Claims,Classical Claims
IS&S Insurance,Claims,Colossus
IS&S Insurance,Claims,Legal Solutions Suite
IS&S Insurance,Claims,Litigation Solutions Suite
IS&S Insurance,Claims,RISKMASTER Accelerator
IS&S Insurance,Digital Insurance,DXC Digital Claims
IS&S Insurance,Digital Insurance,DXC Digital Claims
IS&S Insurance,Digital Insurance,DXC Digital Claims
IS&S Insurance,Digital Insurance,DXC Digital Claims
IS&S Insurance,Digital Insurance,Digital Insurance
IS&S Insurance,Digital Insurance,Digital Insurance
IS&S Insurance,Digital Insurance,OmniChannel
IS&S Insurance,Digital Insurance,OmniChannel
IS&S Insurance,Insurance Advisory,Insurance Advisory
IS&S Insurance,Insurance Advisory,Insurance Advisory
IS&S Insurance,Insurance Advisory,Insurance Advisory
IS&S Insurance,Insurance Advisory,Insurance Advisory
IS&S Insurance,Insurance BPS,DXC Business Process Services: Life and Wealth
IS&S Insurance,Insurance BPS,DXC Business Process Services: Life and Wealth
IS&S Insurance,Insurance BPS,DXC Business Process Services: Property and Casualty
IS&S Insurance,Insurance BPS,DXC Business Process Services: Property and Casualty
IS&S Insurance,Insurance BPS,Disability Income Claims
IS&S Insurance,Insurance BPS,Disability Income Claims
IS&S Insurance,Insurance BPS,Disability Income Claims
IS&S Insurance,Insurance BPS,Disability Income Claims
IS&S Insurance,Insurance BPS,Flood Insurance Services
IS&S Insurance,Insurance BPS,Flood Insurance Services
IS&S Insurance,Insurance BPS,Insurance BPS
IS&S Insurance,Insurance BPS,Insurance BPS
IS&S Insurance,Insurance BPS,Insurance Notification Clearinghouse Services
IS&S Insurance,Insurance BPS,Insurance Notification Clearinghouse Services
IS&S Insurance,Insurance BPS,Workers Comp as a Service
IS&S Insurance,Insurance BPS,Workers Comp as a Service
IS&S Insurance,Insurance BPS,Workers Comp as a Service
IS&S Insurance,Insurance BPS,Workers Comp as a Service
IS&S Insurance,Life and Annuity,Consumer Loan Servicing
IS&S Insurance,Life and Annuity,Consumer Loan Servicing
IS&S Insurance,Life and Annuity,Consumer Loan Servicing
IS&S Insurance,Life and Annuity,Consumer Loan Servicing
IS&S Insurance,Life and Annuity,Cyberlife
IS&S Insurance,Life and Annuity,Cyberlife
IS&S Insurance,Life and Annuity,Cyberlife
IS&S Insurance,Life and Annuity,Cyberlife
IS&S Insurance,Life and Annuity,DXC Assure Policy for Life and Wealth
IS&S Insurance,Life and Annuity,DXC Assure Policy for Life and Wealth
IS&S Insurance,Life and Annuity,INGENIUM
IS&S Insurance,Life and Annuity,INGENIUM
IS&S Insurance,Life and Annuity,INGENIUM
IS&S Insurance,Life and Annuity,INGENIUM
IS&S Insurance,Life and Annuity,Life & Annuity Administration
IS&S Insurance,Life and Annuity,Life & Annuity Administration
IS&S Insurance,Life and Annuity,Life & Annuity Administration
IS&S Insurance,Life and Annuity,Life & Annuity Administration
IS&S Insurance,Life and Annuity,Life and Annuity
IS&S Insurance,Life and Annuity,Life and Annuity
IS&S Insurance,Life and Annuity,New Business Accelerator (nbA)
IS&S Insurance,Life and Annuity,New Business Accelerator (nbA)
IS&S Insurance,Life and Annuity,RADIENCE
IS&S Insurance,Life and Annuity,RADIENCE
IS&S Insurance,Life and Annuity,RADIENCE
IS&S Insurance,Life and Annuity,RADIENCE
IS&S Insurance,Life and Annuity,Wealth Management Accelerator (wmA)
IS&S Insurance,Life and Annuity,Wealth Management Accelerator (wmA)
IS&S Insurance,Multi-Line and Multi-National,Classical Multi-Line and Multi-National
IS&S Insurance,Multi-Line and Multi-National,Classical Multi-Line and Multi-National
IS&S Insurance,Multi-Line and Multi-National,Classical Multi-Line and Multi-National
IS&S Insurance,Multi-Line and Multi-National,Classical Multi-Line and Multi-National
IS&S Insurance,Multi-Line and Multi-National,GraphTalk A.I.A.
IS&S Insurance,Multi-Line and Multi-National,GraphTalk A.I.A.
IS&S Insurance,Multi-Line and Multi-National,Integral
IS&S Insurance,Multi-Line and Multi-National,Integral
IS&S Insurance,Multi-Line and Multi-National,Integral
IS&S Insurance,Multi-Line and Multi-National,Integral
IS&S Insurance,Multi-Line and Multi-National,Multi-Line and Multi-National
IS&S Insurance,Multi-Line and Multi-National,Multi-Line and Multi-National
IS&S Insurance,Multi-Line and Multi-National,Product Accelerator & VPMS
IS&S Insurance,Multi-Line and Multi-National,Product Accelerator & VPMS
IS&S Insurance,Multi-Line and Multi-National,ProductXpress
IS&S Insurance,Multi-Line and Multi-National,ProductXpress
IS&S Insurance,Property and Casualty,DXC Business Process Services: Property and Casualty
IS&S Insurance,Property and Casualty,DXC Business Process Services: Property and Casualty
IS&S Insurance,Property and Casualty,Exceed
IS&S Insurance,Property and Casualty,Exceed
IS&S Insurance,Property and Casualty,Exceed
IS&S Insurance,Property and Casualty,Exceed
IS&S Insurance,Property and Casualty,General Insurance Administration
IS&S Insurance,Property and Casualty,General Insurance Administration
IS&S Insurance,Property and Casualty,General Insurance Administration
IS&S Insurance,Property and Casualty,General Insurance Administration
IS&S Insurance,Property and Casualty,POINT IN Classic
IS&S Insurance,Property and Casualty,POINT IN Classic
IS&S Insurance,Property and Casualty,Premium Billing 360 (Exceed)
IS&S Insurance,Property and Casualty,Premium Billing 360 (Exceed)
IS&S Insurance,Property and Casualty,Property and Casualty
IS&S Insurance,Property and Casualty,Property and Casualty
IS&S Insurance,Reinsurance,Reinsurance
IS&S Insurance,Reinsurance,Reinsurance
IS&S Insurance,Reinsurance,SICS
IS&S Insurance,Reinsurance,SICS
IS&S Insurance,Reinsurance,SICS
IS&S Insurance,Reinsurance,SICS
"IS&S Travel, Transportation, Hospitality",Airline - Consumer Travel,Airline - Consumer Travel
"IS&S Travel, Transportation, Hospitality",Airline - Consumer Travel,Airline Passenger Services
"IS&S Travel, Transportation, Hospitality",Airline - Consumer Travel,Flight Operations Solution
"IS&S Travel, Transportation, Hospitality",Airline - Consumer Travel,Passenger Service Solutions
"IS&S Travel, Transportation, Hospitality",Airline - Operations,Airline - Operations
"IS&S Travel, Transportation, Hospitality","Freight, Logistics, and Rail","Freight, Logistics, and Rail"
"IS&S Travel, Transportation, Hospitality",Travel and Transportation Advisory,Travel and Transportation Advisory
Security,Cloud Security,Cloud Security
Security,Cloud Security,Cloud Security Advisory Services
Security,Cloud Security,Managed Cloud Access Security Broker
Security,Data Protection and Privacy,Data Governance and Privacy
Security,Data Protection and Privacy,Data Loss Prevention
Security,Data Protection and Privacy,Data Protection and Privacy
Security,Data Protection and Privacy,Data Protection and Privacy Advisory Services
Security,Data Protection and Privacy,Data-centric Encryption
Security,Identity and Access Management,Access Management
Security,Identity and Access Management,Assured Identity - Identity As a Service
Security,Identity and Access Management,Assured Identity Adaptive Authentication for U.S. Public Sector
Security,Identity and Access Management,Cyber Identity and Access Management
Security,Identity and Access Management,Identity Governance and Administration
Security,Identity and Access Management,Identity Governance and Administration Service
Security,Identity and Access Management,Identity Management as a Service
Security,Identity and Access Management,Identity and Access Management
Security,Identity and Access Management,Identity and Access Management Advisory Services
Security,Identity and Access Management,Multifactor Authentication
Security,Identity and Access Management,Privileged Account Management
Security,Identity and Access Management,Security Access Services
Security,Identity and Access Management,User Provisioning
Security,Infrastructure and Endpoint Security,Cloud Access Security Broker
Security,Infrastructure and Endpoint Security,Cyber Endpoint Security Services
Security,Infrastructure and Endpoint Security,Cyber Network Security Services
Security,Infrastructure and Endpoint Security,Endpoint Security
Security,Infrastructure and Endpoint Security,Infrastructure and Endpoint Security
Security,Infrastructure and Endpoint Security,Infrastructure and Endpoint Security Advisory Services
Security,Infrastructure and Endpoint Security,Infrastructure and Network Security
Security,Infrastructure and Endpoint Security,Managed Advanced Threat Protection
Security,Infrastructure and Endpoint Security,Managed Endpoint Protection
Security,Infrastructure and Endpoint Security,Managed Endpoint Threat Detection and Response
Security,Infrastructure and Endpoint Security,Managed Firewall Service
Security,Intelligent Security Operations,Cyber Risk Management Centers
Security,Intelligent Security Operations,Intelligent Security Operations
Security,Intelligent Security Operations,Intelligent Security Operations Advisory Services
Security,Intelligent Security Operations,Managed SIEM
Security,Intelligent Security Operations,Security Incident Response
Security,Intelligent Security Operations,Security Monitoring
Security,Security Advisory Services,"Advanced Compromise Assessment from HPE and Mandiant, a FireEye Company"
Security,Security Advisory Services,Business Continuity - Disaster Recovery
Security,Security Advisory Services,Cyber Consulting Services
Security,Security Advisory Services,Security Advisory Services
Security,Security Risk Management,Cyber Assurance
Security,Security Risk Management,Cyber Maturity Review
Security,Security Risk Management,PhishED
Security,Security Risk Management,Risk and Compliance Management
Security,Security Risk Management,Security Awareness and Training
Security,Security Risk Management,Security Risk Management
Security,Security Risk Management,Security Risk Management Advisory Services
Security,Security Risk Management,Security Strategy and Architecture
Security,Security Risk Management,Security Testing and Certification Laboratories
Security,Threat and Vulnerability Management,Cyber Application Security Services
Security,Threat and Vulnerability Management,Threat and Vulnerability Management
Security,Threat and Vulnerability Management,Threat and Vulnerability Management Advisory Services
Security,Threat and Vulnerability Management,Vulnerability Intelligence Service
Security,Threat and Vulnerability Management,Vulnerability Scanning
Workplace and Mobility,Campus and Connectivity Networks,Campus and Connectivity Networks
Workplace and Mobility,Campus and Connectivity Networks,Campus and Connectivity Networks
Workplace and Mobility,Campus and Connectivity Networks,Network Services
Workplace and Mobility,Campus and Connectivity Networks,Workplace and Mobility Advisory Services
Workplace and Mobility,Campus and Connectivity Networks,Workplace and Mobility Advisory Services
Workplace and Mobility,Enterprise Mobility Services,CSC MyWorkStyle Editions
Workplace and Mobility,Enterprise Mobility Services,Enterprise Mobility Services
Workplace and Mobility,Enterprise Mobility Services,Mobile & IoT Cloud Services
Workplace and Mobility,Enterprise Mobility Services,Mobile Enterprise Services
Workplace and Mobility,Enterprise Mobility Services,Mobile Solutions & Services
Workplace and Mobility,Enterprise Mobility Services,Next Gen Mobile Messaging Service for Blackberry
Workplace and Mobility,Network Services,Campus and Connectivity Networks
Workplace and Mobility,Network Services,Network Services
Workplace and Mobility,Network Services,Workplace and Mobility Advisory Services
Workplace and Mobility,Productivity Applications,Collaboration Services
Workplace and Mobility,Productivity Applications,DXC Collaboration Services
Workplace and Mobility,Productivity Applications,DXC File Sync and Share Services
Workplace and Mobility,Productivity Applications,DXC Messaging Services
Workplace and Mobility,Productivity Applications,DXC Services for Office 365
Workplace and Mobility,Productivity Applications,Enterprise Services for Google Apps for Work
Workplace and Mobility,Productivity Applications,Enterprise Services for Google G Suite
Workplace and Mobility,Productivity Applications,File Sync and Share Services
Workplace and Mobility,Productivity Applications,Messaging Services
Workplace and Mobility,Productivity Applications,Productivity Applications
Workplace and Mobility,Productivity Applications,XChanging Workplace
Workplace and Mobility,Software Licensing and Management Solutions,Software Licensing and Management Solutions
Workplace and Mobility,Support Services,Support Services
Workplace and Mobility,Unified Communications Services,Unified Communications Services
Workplace and Mobility,Virtual Desktop Services,Virtual Desktop Services
Workplace and Mobility,Virtual Desktop Services,Virtual Desktop and Applications Services
Workplace and Mobility,Workplace Device Services,Asset Management Services
Workplace and Mobility,Workplace Device Services,Workplace Device Services
Workplace and Mobility,Workplace Device Services,Workplace Management Services
Workplace and Mobility,Workplace and Mobility Advisory Services,Campus and Connectivity Networks
Workplace and Mobility,Workplace and Mobility Advisory Services,Campus and Connectivity Networks
Workplace and Mobility,Workplace and Mobility Advisory Services,Network Services
Workplace and Mobility,Workplace and Mobility Advisory Services,Workplace and Mobility Advisory Services
Workplace and Mobility,Workplace and Mobility Advisory Services,Workplace and Mobility Advisory Services